cut,n_candidates,matched_candidates,matched_true_clusters,recovery,purity_proxy,candidate_density,f1
baseline: i<22.0+n_members>=7,4590,1872,956,0.8047138047138047,0.40784313725490196,3.8636363636363638,0.5413304585497588
PPM_richness/(rmax^2*z_rms) >= 75.088,3394,1491,826,0.6952861952861953,0.43930465527401297,2.856902356902357,0.5384186946090193
PPM_significance >= 2.4423 & PPM_richness >= 9,3209,1446,794,0.6683501683501684,0.45060766593954504,2.701178451178451,0.538293222785723
PPM_richness >= 7,3727,1609,849,0.7146464646464646,0.43171451569627045,3.137205387205387,0.5382654463459827
PPM_richness >= 9,3476,1540,814,0.6851851851851852,0.4430379746835443,2.925925925925926,0.5381259089964678
PPM_significance >= 2.4423 & PPM_richness >= 7,3413,1498,824,0.6936026936026936,0.43891004980955173,2.872895622895623,0.5376172490208923
PPM_significance >= 2.269 & PPM_richness >= 9,3343,1490,803,0.6759259259259259,0.44570744839964105,2.813973063973064,0.5371901846853632
PPM_richness >= 6,3841,1636,863,0.7264309764309764,0.4259307472012497,3.233164983164983,0.5370002877327892
PPM_significance >= 2.269 & PPM_richness >= 7,3574,1550,834,0.702020202020202,0.4336877448237269,3.008417508417508,0.5361546673700923
PPM_richness/rmax^2 >= 3.136,3838,1624,864,0.7272727272727273,0.42313705054716,3.2306397306397305,0.5350024707626421
PPM_richness/(rmax^2*z_rms) >= 48.934,3839,1618,868,0.7306397306397306,0.42146392289658763,3.2314814814814814,0.534566983021584
PPM_significance >= 2.6151 & PPM_richness >= 9,3030,1371,774,0.6515151515151515,0.4524752475247525,2.5505050505050506,0.5340526144146103
PPM_significance >= 2.4423 & PPM_richness >= 6,3499,1511,831,0.6994949494949495,0.43183766790511574,2.9452861952861955,0.5340043468303671
PPM_richness/rmax^2 >= 5.003,3349,1476,804,0.6767676767676768,0.44072857569423707,2.819023569023569,0.5338198738485372
PPM_richness/(rmax^2*z_rms) >= 61.174,3636,1551,847,0.7129629629629629,0.4265676567656766,3.0606060606060606,0.5337758112094396
PPM_significance >= 2.269 & PPM_richness >= 6,3678,1570,845,0.7112794612794613,0.42686242523110385,3.095959595959596,0.5335336120344174
PPM_richness/rmax^2 >= 3.136 & PPM_z_rms <= 0.09906,3647,1549,852,0.7171717171717171,0.42473265697833834,3.06986531986532,0.5335057047500776
PPM_richness/rmax^2 >= 4.002,3698,1573,849,0.7146464646464646,0.4253650621957815,3.112794612794613,0.5333027442702412
PPM_significance >= 2.6151 & PPM_richness >= 7,3206,1415,798,0.6717171717171717,0.44135995009357454,2.6986531986531985,0.532701735714043
PPM_richness/rmax^2 >= 3.136 & PPM_z_rms <= 0.09405,3445,1473,838,0.7053872053872053,0.4275761973875181,2.8998316498316496,0.5324210441866152
PPM_richness/rmax^2 >= 5.003 & PPM_z_rms <= 0.09906,3175,1405,793,0.6675084175084175,0.44251968503937006,2.6725589225589226,0.5322128583933516
PPM_richness/rmax^2 >= 4.002 & PPM_z_rms <= 0.09906,3513,1501,838,0.7053872053872053,0.42727013948192427,2.957070707070707,0.5321837023347595
PPM_richness/(rmax^2*z_rms) >= 93.548,3031,1363,771,0.648989898989899,0.44968657208841967,2.5513468013468015,0.5312611140390455
PPM_valid,4041,1664,884,0.7441077441077442,0.41177926255877256,3.4015151515151514,0.5301697075332903
PPM_rmax_mean >= 0.9997,4041,1664,884,0.7441077441077442,0.41177926255877256,3.4015151515151514,0.5301697075332903
PPM_richness/rmax^2 >= 4.002 & PPM_z_rms <= 0.09405,3319,1425,823,0.6927609427609428,0.4293461886110274,2.7937710437710437,0.5301352465861758
PPM_richness/rmax^2 >= 6.388,3030,1365,764,0.6430976430976431,0.4504950495049505,2.5505050505050506,0.529835845691902
PPM_significance >= 2.6151 & PPM_richness >= 6,3285,1428,805,0.6776094276094277,0.434703196347032,2.765151515151515,0.5296334460521798
PPM_richness >= 11,3186,1430,767,0.6456228956228957,0.44883866917765225,2.6818181818181817,0.5295398771080858
PPM_richness/rmax^2 >= 5.003 & PPM_z_rms <= 0.09405,2993,1331,775,0.6523569023569024,0.4447043100567992,2.5193602693602695,0.5288782848044364
PPM_significance >= 2.4423 & PPM_richness >= 11,2985,1358,750,0.6313131313131313,0.45494137353433833,2.5126262626262625,0.5288087861696642
PPM_significance >= 2.4423,3636,1530,845,0.7112794612794613,0.4207920792079208,3.0606060606060606,0.5287665182022308
PPM_significance >= 2.269 & PPM_richness >= 11,3081,1392,756,0.6363636363636364,0.45180136319376824,2.5934343434343434,0.5284308142845522
PPM_significance >= 2.269,3839,1594,863,0.7264309764309764,0.41521229486845534,3.2314814814814814,0.5284016126055341
PPM_richness/rmax^2 >= 6.388 & PPM_z_rms <= 0.09906,2868,1298,753,0.6338383838383839,0.4525801952580195,2.414141414141414,0.528088722043382
PPM_z_rms <= 0.09906,3841,1586,870,0.7323232323232324,0.4129133038271284,3.233164983164983,0.5280760712444589
PPM_significance >= 2.8866 & PPM_richness >= 9,2758,1271,733,0.617003367003367,0.4608411892675852,2.3215488215488214,0.5276095959804755
PPM_richness/rmax^2 >= 3.136 & PPM_z_rms <= 0.08998,3211,1375,816,0.6868686868686869,0.4282155091871691,2.702861952861953,0.5275437057265292
PPM_z_rms <= 0.09405,3637,1510,856,0.7205387205387206,0.41517734396480616,3.0614478114478114,0.5268065876092691
PPM_significance >= 2.269 & PPM_z_rms <= 0.09906,3647,1520,848,0.7138047138047138,0.4167809158212229,3.06986531986532,0.526276249301815
PPM_significance >= 2.6151 & PPM_richness >= 11,2850,1301,738,0.6212121212121212,0.45649122807017545,2.398989898989899,0.5262633437913139
PPM_richness >= 13,2829,1304,728,0.6127946127946128,0.4609402615765288,2.3813131313131315,0.5261293376163588
PPM_significance >= 2.4423 & PPM_z_rms <= 0.09906,3466,1460,832,0.7003367003367004,0.4212348528563185,2.9175084175084174,0.5260586827052665
PPM_richness/rmax^2 >= 4.002 & PPM_z_rms <= 0.08998,3090,1329,802,0.6750841750841751,0.4300970873786408,2.601010101010101,0.5254373147660654
PPM_significance >= 2.269 & PPM_z_rms <= 0.09405,3454,1447,834,0.702020202020202,0.4189345686160973,2.9074074074074074,0.5247321982958785
PPM_rmax_mean <= 2.7659,3839,1564,875,0.7365319865319865,0.4073977598332899,3.2314814814814814,0.5246152262621193
PPM_significance >= 2.8866 & PPM_richness >= 7,2900,1302,749,0.6304713804713805,0.4489655172413793,2.441077441077441,0.5244584654072897
PPM_richness/rmax^2 >= 6.388 & PPM_z_rms <= 0.09405,2711,1232,736,0.6195286195286195,0.45444485429730724,2.281986531986532,0.5242989703120517
PPM_significance >= 2.269 & PPM_richness >= 13,2764,1276,720,0.6060606060606061,0.46164978292329956,2.3265993265993266,0.5240892101696307
PPM_significance >= 2.6151,3394,1441,813,0.6843434343434344,0.424572775486152,2.856902356902357,0.52403164229977
PPM_richness/(rmax^2*z_rms) >= 107.029,2707,1230,735,0.6186868686868687,0.4543775397118581,2.2786195286195285,0.5239525513020573
PPM_significance >= 2.4423 & PPM_richness >= 13,2705,1256,714,0.601010101010101,0.46432532347504624,2.276936026936027,0.5238992399002425
PPM_significance >= 2.4423 & PPM_z_rms <= 0.09405,3283,1388,818,0.6885521885521886,0.4227840389887298,2.7634680134680134,0.5238898330071857
PPM_richness/rmax^2 >= 5.003 & PPM_z_rms <= 0.08998,2772,1236,753,0.6338383838383839,0.4458874458874459,2.3333333333333335,0.5235043384057751
PPM_z_rms <= 0.08998,3394,1412,835,0.7028619528619529,0.4160282852091927,2.856902356902357,0.5226794247343314
PPM_significance >= 2.6151 & PPM_z_rms <= 0.09906,3241,1378,803,0.6759259259259259,0.42517741437827833,2.728114478114478,0.5220008458371064
PPM_significance >= 2.8866 & PPM_richness >= 6,2962,1312,754,0.6346801346801347,0.44294395678595544,2.493265993265993,0.5217547238874221
PPM_significance >= 2.6151 & PPM_richness >= 13,2621,1218,706,0.5942760942760943,0.46470812666921024,2.2062289562289563,0.5215657136965073
PPM_significance >= 2.8866 & PPM_richness >= 11,2616,1216,705,0.5934343434343434,0.4648318042813456,2.202020202020202,0.5213190598159622
PPM_significance >= 2.6151 & PPM_z_rms <= 0.09405,3068,1312,789,0.6641414141414141,0.4276401564537158,2.5824915824915826,0.5202753845643514
PPM_rmax_mean <= 2.4489,3675,1486,861,0.7247474747474747,0.40435374149659864,3.0934343434343434,0.5190931492026746
PPM_richness/rmax^2 >= 3.136 & PPM_z_rms <= 0.0852,2854,1228,776,0.6531986531986532,0.43027330063069374,2.4023569023569022,0.5188024285925835
PPM_richness/rmax^2 >= 7.504,2701,1243,706,0.5942760942760943,0.46019992595335063,2.2735690235690234,0.5187141468085672
PPM_significance >= 2.269 & PPM_z_rms <= 0.08998,3219,1350,807,0.6792929292929293,0.4193849021435228,2.70959595959596,0.5185964265900089
PPM_significance >= 2.8866,3030,1317,759,0.6388888888888888,0.43465346534653465,2.5505050505050506,0.5173438540759339
PPM_significance >= 2.4423 & PPM_z_rms <= 0.08998,3059,1294,790,0.664983164983165,0.42301405688133376,2.574915824915825,0.5170918100236678
PPM_richness/rmax^2 >= 6.388 & PPM_z_rms <= 0.08998,2512,1142,712,0.5993265993265994,0.45461783439490444,2.1144781144781146,0.5170378095153311
PPM_richness/rmax^2 >= 4.002 & PPM_z_rms <= 0.0852,2741,1187,762,0.6414141414141414,0.43305363006202113,2.307239057239057,0.517031277598764
PPM_significance >= 2.8866 & PPM_richness >= 13,2445,1154,679,0.5715488215488216,0.4719836400817996,2.058080808080808,0.517016390381468
PPM_richness/rmax^2 >= 5.003 & PPM_z_rms <= 0.0852,2446,1103,715,0.6018518518518519,0.4509403107113655,2.058922558922559,0.5155799420381569
PPM_richness/rmax^2 >= 7.504 & PPM_z_rms <= 0.09906,2549,1176,694,0.5841750841750841,0.46135739505688506,2.1456228956228958,0.5155526020389793
PPM_significance >= 3.0933 & PPM_richness >= 9,2508,1160,689,0.57996632996633,0.4625199362041467,2.111111111111111,0.5146273838637103
PPM_z_rms <= 0.0852,3030,1263,795,0.6691919191919192,0.4168316831683168,2.5505050505050506,0.5136912189259749
PPM_significance >= 2.6151 & PPM_z_rms <= 0.08998,2864,1227,761,0.6405723905723906,0.4284217877094972,2.410774410774411,0.5134455814669606
PPM_significance >= 2.8866 & PPM_z_rms <= 0.09906,2900,1257,748,0.6296296296296297,0.43344827586206897,2.441077441077441,0.5134372109227646
PPM_rmax_mean >= 1.1626,2707,1176,745,0.627104377104377,0.43442925748060585,2.2786195286195285,0.5132809362461748
PPM_richness/rmax^2 >= 7.504 & PPM_z_rms <= 0.09405,2407,1115,678,0.5707070707070707,0.4632322393020357,2.026094276094276,0.5113838148717126
PPM_significance >= 3.0933 & PPM_richness >= 7,2621,1183,700,0.5892255892255892,0.45135444486837084,2.2062289562289563,0.5111564320157624
PPM_significance >= 2.8866 & PPM_z_rms <= 0.09405,2742,1195,731,0.6153198653198653,0.43581327498176514,2.308080808080808,0.510239008522626
PPM_richness/rmax^2 >= 6.388 & PPM_z_rms <= 0.0852,2205,1017,678,0.5707070707070707,0.46122448979591835,1.856060606060606,0.510158013544018
PPM_significance >= 3.0933 & PPM_richness >= 6,2667,1190,704,0.5925925925925926,0.4461942257217848,2.244949494949495,0.5090772973984653
PPM_richness/rmax^2 >= 3.136 & PPM_z_rms <= 0.08202,2538,1092,739,0.6220538720538721,0.4302600472813239,2.1363636363636362,0.5086788713590626
PPM_significance >= 2.269 & PPM_z_rms <= 0.0852,2866,1204,764,0.6430976430976431,0.4200976971388695,2.4124579124579126,0.5082111041620165
PPM_significance >= 3.0933 & PPM_richness >= 11,2391,1114,664,0.5589225589225589,0.465913843580092,2.0126262626262625,0.5081977124452433
PPM_rmax_mean <= 2.2355,3365,1341,824,0.6936026936026936,0.3985141158989599,2.8324915824915826,0.5061921249107852
PPM_significance >= 3.0933 & PPM_richness >= 13,2261,1070,646,0.5437710437710438,0.4732419283502875,1.9031986531986531,0.5060609144414273
PPM_richness/rmax^2 >= 4.002 & PPM_z_rms <= 0.08202,2431,1051,723,0.6085858585858586,0.43233237350884407,2.0462962962962963,0.5055370549075061
PPM_significance >= 3.0933,2707,1191,705,0.5934343434343434,0.43997044698928706,2.2786195286195285,0.5053074569793127
PPM_significance >= 2.4423 & PPM_z_rms <= 0.0852,2716,1151,743,0.6254208754208754,0.42378497790868924,2.2861952861952863,0.5052277797207755
PPM_significance >= 2.8866 & PPM_z_rms <= 0.08998,2559,1122,704,0.5925925925925926,0.4384525205158265,2.154040404040404,0.5040006737976922
PPM_z_rms <= 0.08202,2707,1126,758,0.6380471380471381,0.41595862578500187,2.2786195286195285,0.5036048565108389
PPM_richness/(rmax^2*z_rms) >= 129.487,2020,947,645,0.5429292929292929,0.4688118811881188,1.7003367003367003,0.5031557668735913
PPM_richness/rmax^2 >= 5.003 & PPM_z_rms <= 0.08202,2153,972,675,0.5681818181818182,0.45146307477937764,1.8122895622895623,0.5031420496309257
PPM_rmax_mean <= 1.9995,3177,1266,807,0.6792929292929293,0.39848914069877245,2.6742424242424243,0.502310927623384
PPM_significance >= 3.0933 & PPM_z_rms <= 0.09906,2593,1139,696,0.5858585858585859,0.43925954492865404,2.1826599326599325,0.5020767228439512
PPM_significance >= 2.6151 & PPM_z_rms <= 0.0852,2537,1089,715,0.6018518518518519,0.4292471422940481,2.1355218855218854,0.5011025885167972
PPM_richness/rmax^2 >= 7.504 & PPM_z_rms <= 0.08998,2225,1029,649,0.5462962962962963,0.46247191011235955,1.8728956228956228,0.5009013766104113
PPM_significance >= 3.0933 & PPM_z_rms <= 0.09405,2448,1083,681,0.5732323232323232,0.4424019607843137,2.0606060606060606,0.49939059319658247
PPM_significance >= 2.269 & PPM_z_rms <= 0.08202,2556,1075,727,0.6119528619528619,0.42057902973395933,2.1515151515151514,0.49853092770352675
PPM_significance >= 3.6009 & PPM_richness >= 9,1939,921,623,0.5244107744107744,0.4749871067560598,1.6321548821548821,0.4984768552806187
PPM_significance >= 3.6009 & PPM_richness >= 7,1994,932,630,0.5303030303030303,0.4674022066198596,1.6784511784511784,0.49686981157941235
PPM_significance >= 3.6009 & PPM_richness >= 6,2011,933,631,0.5311447811447811,0.46394828443560415,1.6927609427609427,0.4952777152664001
PPM_significance >= 2.4423 & PPM_z_rms <= 0.08202,2421,1028,704,0.5925925925925926,0.4246179264766625,2.037878787878788,0.49473620886723213
PPM_richness/rmax^2 >= 6.388 & PPM_z_rms <= 0.08202,1929,893,631,0.5311447811447811,0.4629341627786418,1.6237373737373737,0.4946992712732591
PPM_significance >= 3.6009,2021,934,632,0.531986531986532,0.46214745175655614,1.7011784511784511,0.4946138531562754
PPM_richness >= 18,2082,988,613,0.515993265993266,0.4745437079731028,1.7525252525252526,0.49440124734184765
PPM_significance >= 2.4423 & PPM_richness >= 18,2025,968,608,0.5117845117845118,0.47802469135802467,1.7045454545454546,0.4943288716873622
PPM_significance >= 2.269 & PPM_richness >= 18,2053,976,611,0.5143097643097643,0.4754018509498295,1.7281144781144782,0.494091026405305
PPM_significance >= 2.6151 & PPM_richness >= 18,1983,949,604,0.5084175084175084,0.4785678265254665,1.6691919191919191,0.49304129120605006
PPM_significance >= 3.0933 & PPM_z_rms <= 0.08998,2283,1015,656,0.5521885521885522,0.4445904511607534,1.9217171717171717,0.49258212044677435
PPM_significance >= 2.8866 & PPM_z_rms <= 0.0852,2260,996,661,0.5563973063973064,0.4407079646017699,1.9023569023569022,0.4918411957978535
PPM_significance >= 3.6009 & PPM_richness >= 11,1880,894,605,0.5092592592592593,0.475531914893617,1.5824915824915824,0.4918180363287189
PPM_richness/rmax^2 >= 7.504 & PPM_z_rms <= 0.0852,1957,918,613,0.515993265993266,0.4690853346959632,1.6473063973063973,0.49142245849206956
PPM_significance >= 3.6009 & PPM_z_rms <= 0.09906,1945,896,625,0.5260942760942761,0.46066838046272496,1.637205387205387,0.4912123427627098
PPM_significance >= 3.6009 & PPM_z_rms <= 0.09405,1843,861,613,0.515993265993266,0.4671730873575692,1.5513468013468013,0.4903710675374786
PPM_significance >= 2.6151 & PPM_z_rms <= 0.08202,2252,969,675,0.5681818181818182,0.4302841918294849,1.8956228956228955,0.4897105199320773
PPM_significance >= 2.8866 & PPM_richness >= 18,1880,909,585,0.49242424242424243,0.48351063829787233,1.5824915824915824,0.48792673460287045
PPM_significance >= 3.6009 & PPM_richness >= 13,1814,871,588,0.494949494949495,0.480154355016538,1.526936026936027,0.4874396824943609
PPM_significance >= 3.0933 & PPM_richness >= 18,1790,872,573,0.4823232323232323,0.4871508379888268,1.5067340067340067,0.48472501535210893
PPM_significance >= 3.6009 & PPM_z_rms <= 0.08998,1724,810,590,0.49663299663299665,0.46983758700696054,1.4511784511784511,0.48286384027805845
PPM_significance >= 2.8866 & PPM_z_rms <= 0.08202,2008,892,628,0.5286195286195287,0.4442231075697211,1.6902356902356903,0.48276052259643565
PPM_richness/rmax^2 >= 9.538,2020,947,590,0.49663299663299665,0.4688118811881188,1.7003367003367003,0.4823215799478254
PPM_significance >= 3.0933 & PPM_z_rms <= 0.0852,2011,902,614,0.5168350168350169,0.4485330681253108,1.6927609427609427,0.4802677847489301
PPM_richness/rmax^2 >= 7.504 & PPM_z_rms <= 0.08202,1706,805,575,0.484006734006734,0.4718640093786635,1.436026936026936,0.4778582452807788
PPM_rmax_mean >= 1.4139,1918,857,609,0.5126262626262627,0.44681960375391033,1.6144781144781144,0.4774661532592497
PPM_richness/rmax^2 >= 3.136 & PPM_z_rms <= 0.07512,1865,799,633,0.5328282828282829,0.42841823056300266,1.5698653198653199,0.47495277630264865
PPM_richness/rmax^2 >= 9.538 & PPM_z_rms <= 0.09906,1893,887,570,0.4797979797979798,0.4685684099313259,1.5934343434343434,0.47411671041267534
PPM_significance >= 3.6009 & PPM_z_rms <= 0.0852,1515,728,554,0.4663299663299663,0.48052805280528055,1.2752525252525253,0.47332255978556176
PPM_significance >= 3.6009 & PPM_richness >= 18,1532,764,534,0.4494949494949495,0.49869451697127937,1.2895622895622896,0.47281830192615254
PPM_significance >= 3.0933 & PPM_z_rms <= 0.08202,1784,808,583,0.49074074074074076,0.452914798206278,1.5016835016835017,0.471069652835834
PPM_richness/rmax^2 >= 9.538 & PPM_z_rms <= 0.09405,1786,837,559,0.47053872053872053,0.4686450167973124,1.5033670033670035,0.4695899595027926
PPM_rmax_mean <= 1.7316,2451,946,711,0.5984848484848485,0.38596491228070173,2.063131313131313,0.4692858107195895
PPM_z_rms <= 0.07512,2021,829,651,0.547979797979798,0.41019297377535874,1.7011784511784511,0.4691793996408643
PPM_richness/rmax^2 >= 4.002 & PPM_z_rms <= 0.07512,1777,761,612,0.5151515151515151,0.4282498593134496,1.495791245791246,0.467698203246448
PPM_significance >= 2.269 & PPM_z_rms <= 0.07512,1893,788,623,0.5244107744107744,0.41627047015319596,1.5934343434343434,0.4641247412529432
PPM_significance >= 3.6009 & PPM_z_rms <= 0.08202,1350,655,526,0.44276094276094274,0.48518518518518516,1.1363636363636365,0.4630032790410149
PPM_richness/rmax^2 >= 5.003 & PPM_z_rms <= 0.07512,1544,693,565,0.47558922558922556,0.4488341968911917,1.2996632996632997,0.4618245339233943
PPM_significance >= 2.4423 & PPM_z_rms <= 0.07512,1786,753,603,0.5075757575757576,0.4216125419932811,1.5033670033670035,0.4606177359420793
PPM_rmax_mean >= 1.7316,1590,718,555,0.4671717171717172,0.45157232704402517,1.3383838383838385,0.4592395907882409
PPM_richness/rmax^2 >= 9.538 & PPM_z_rms <= 0.08998,1649,771,536,0.4511784511784512,0.4675560946027896,1.388047138047138,0.4592212964465177
PPM_significance >= 4.2228 & PPM_richness >= 9,1302,651,500,0.4208754208754209,0.5,1.095959595959596,0.45703839122486295
PPM_significance >= 4.2228,1334,656,503,0.4234006734006734,0.4917541229385307,1.1228956228956228,0.45502471851233856
PPM_significance >= 4.2228 & PPM_richness >= 6,1329,655,502,0.4225589225589226,0.4928517682468021,1.1186868686868687,0.45500651076802157
PPM_significance >= 4.2228 & PPM_richness >= 13,1260,637,491,0.4132996632996633,0.5055555555555555,1.0606060606060606,0.45479622165221284
PPM_significance >= 4.2228 & PPM_richness >= 7,1327,654,501,0.4217171717171717,0.49284099472494347,1.117003367003367,0.45451348646359807
PPM_significance >= 2.6151 & PPM_z_rms <= 0.07512,1662,710,576,0.48484848484848486,0.42719614921780985,1.398989898989899,0.45420015193314944
PPM_significance >= 4.2228 & PPM_richness >= 11,1283,642,493,0.414983164983165,0.5003897116134061,1.07996632996633,0.4537021175947793
PPM_richness/rmax^2 >= 6.388 & PPM_z_rms <= 0.07512,1355,629,525,0.44191919191919193,0.46420664206642065,1.1405723905723906,0.45278882126822
PPM_rmax_mean <= 1.4139,2123,807,653,0.5496632996632996,0.38012246820536977,1.787037037037037,0.44943550949132954
PPM_significance >= 4.2228 & PPM_z_rms <= 0.09906,1293,630,495,0.4166666666666667,0.4872389791183295,1.0883838383838385,0.44919786096256686
PPM_significance >= 4.2228 & PPM_z_rms <= 0.09405,1229,608,486,0.4090909090909091,0.4947111472742067,1.0345117845117846,0.44784548021442894
PPM_significance >= 2.8866 & PPM_z_rms <= 0.07512,1479,653,536,0.4511784511784512,0.4415145368492224,1.244949494949495,0.44629418530221077
PPM_significance >= 4.2228 & PPM_richness >= 18,1145,595,464,0.39057239057239057,0.519650655021834,0.9638047138047138,0.4459592614728544
PPM_richness/rmax^2 >= 9.538 & PPM_z_rms <= 0.0852,1443,687,498,0.41919191919191917,0.4760914760914761,1.2146464646464648,0.4458335776696183
PPM_significance >= 2.4423 & PPM_richness >= 27,1328,647,483,0.4065656565656566,0.4871987951807229,1.1178451178451179,0.44324496829922133
PPM_significance >= 2.269 & PPM_richness >= 27,1333,648,483,0.4065656565656566,0.48612153038259565,1.122053872053872,0.44279860192988
PPM_richness >= 27,1344,652,483,0.4065656565656566,0.4851190476190476,1.1313131313131313,0.4423822527898587
PPM_significance >= 2.8866 & PPM_richness >= 27,1274,628,472,0.39730639730639733,0.49293563579277866,1.0723905723905724,0.43998480026599535
PPM_significance >= 2.6151 & PPM_richness >= 27,1312,638,477,0.4015151515151515,0.48628048780487804,1.1043771043771045,0.4398511889276237
PPM_significance >= 3.0933 & PPM_richness >= 27,1247,620,468,0.3939393939393939,0.4971932638331997,1.0496632996632997,0.43958441275122034
PPM_richness/(rmax^2*z_rms) >= 152.786,1334,618,494,0.4158249158249158,0.46326836581709147,1.1228956228956228,0.43826641209319683
PPM_significance >= 4.2228 & PPM_z_rms <= 0.08998,1145,569,462,0.3888888888888889,0.496943231441048,0.9638047138047138,0.43632579284657946
PPM_richness/rmax^2 >= 11.006,1283,616,473,0.39814814814814814,0.48012470771628996,1.07996632996633,0.43531064857802576
PPM_significance >= 3.0933 & PPM_z_rms <= 0.07512,1305,590,493,0.414983164983165,0.4521072796934866,1.0984848484848484,0.43275049561662887
PPM_richness/rmax^2 >= 7.504 & PPM_z_rms <= 0.07512,1180,560,472,0.39730639730639733,0.4745762711864407,0.9932659932659933,0.4325173452022516
PPM_richness/rmax^2 >= 9.538 & PPM_z_rms <= 0.08202,1250,603,463,0.3897306397306397,0.4824,1.0521885521885521,0.431141968969527
PPM_significance >= 3.6009 & PPM_richness >= 27,1133,568,446,0.37542087542087543,0.501323918799647,0.9537037037037037,0.42933237974344596
PPM_significance >= 4.2228 & PPM_z_rms <= 0.0852,1005,513,434,0.3653198653198653,0.5104477611940299,0.8459595959595959,0.425858873350969
PPM_richness >= 32,1040,531,430,0.36195286195286197,0.510576923076923,0.8754208754208754,0.42360680798643446
PPM_significance >= 2.4423 & PPM_richness >= 32,1037,530,429,0.3611111111111111,0.5110896817743491,0.872895622895623,0.4232056755013667
PPM_significance >= 2.269 & PPM_richness >= 32,1038,530,429,0.3611111111111111,0.5105973025048169,0.8737373737373737,0.423036777798244
PPM_significance >= 3.6009 & PPM_z_rms <= 0.07512,983,481,439,0.36952861952861954,0.4893184130213632,0.8274410774410774,0.42106952884696874
PPM_richness/rmax^2 >= 11.006 & PPM_z_rms <= 0.09906,1191,569,447,0.37626262626262624,0.47774979009235935,1.0025252525252526,0.42097605906902724
PPM_significance >= 4.5953,1010,510,428,0.3602693602693603,0.504950495049505,0.8501683501683501,0.42051321568929645
PPM_significance >= 4.5953 & PPM_richness >= 6,1010,510,428,0.3602693602693603,0.504950495049505,0.8501683501683501,0.42051321568929645
PPM_significance >= 4.5953 & PPM_richness >= 7,1010,510,428,0.3602693602693603,0.504950495049505,0.8501683501683501,0.42051321568929645
PPM_significance >= 2.6151 & PPM_richness >= 32,1027,523,425,0.35774410774410775,0.5092502434274586,0.8644781144781145,0.42025942546740924
PPM_significance >= 4.5953 & PPM_richness >= 9,1003,508,426,0.35858585858585856,0.5064805583250249,0.8442760942760943,0.41989091776922766
PPM_significance >= 4.5953 & PPM_richness >= 13,983,503,422,0.3552188552188552,0.5116988809766022,0.8274410774410774,0.419336421734707
PPM_richness/rmax^2 >= 3.136 & PPM_z_rms <= 0.06703,1208,524,481,0.4048821548821549,0.4337748344370861,1.0168350168350169,0.41883080195420247
PPM_significance >= 2.8866 & PPM_richness >= 32,1008,516,421,0.3543771043771044,0.5119047619047619,0.8484848484848485,0.4188182491208588
PPM_significance >= 3.0933 & PPM_richness >= 32,997,513,419,0.35269360269360267,0.5145436308926781,0.8392255892255892,0.4185158106557033
PPM_significance >= 4.5953 & PPM_richness >= 11,991,503,422,0.3552188552188552,0.5075681130171544,0.8341750841750841,0.41794271515289944
PPM_richness/rmax^2 >= 12.006,1042,499,434,0.3653198653198653,0.47888675623800386,0.877104377104377,0.4144645181045702
PPM_z_rms <= 0.06703,1334,546,498,0.41919191919191917,0.40929535232383807,1.1228956228956228,0.4141845268016268
PPM_significance >= 4.5953 & PPM_z_rms <= 0.09906,977,488,420,0.35353535353535354,0.49948822927328557,0.8223905723905723,0.4140254766262257
PPM_significance >= 4.5953 & PPM_richness >= 18,916,480,405,0.3409090909090909,0.5240174672489083,0.7710437710437711,0.41308089500860584
PPM_significance >= 4.2228 & PPM_z_rms <= 0.08202,887,461,407,0.3425925925925926,0.5197294250281849,0.7466329966329966,0.4129674240681782
PPM_significance >= 2.269 & PPM_z_rms <= 0.06703,1234,521,479,0.4031986531986532,0.4222042139384117,1.0387205387205387,0.4124826244551806
PPM_significance >= 4.5953 & PPM_z_rms <= 0.09405,925,470,411,0.34595959595959597,0.5081081081081081,0.7786195286195287,0.41164154773130474
PPM_richness/rmax^2 >= 11.006 & PPM_z_rms <= 0.09405,1117,532,430,0.36195286195286197,0.4762757385854969,0.9402356902356902,0.41131826460947607
PPM_richness/rmax^2 >= 4.002 & PPM_z_rms <= 0.06703,1142,495,460,0.3872053872053872,0.43345008756567427,0.9612794612794613,0.40902477141676696
PPM_significance >= 4.2228 & PPM_richness >= 27,926,484,399,0.33585858585858586,0.5226781857451404,0.7794612794612794,0.40894219590752867
PPM_significance >= 3.6009 & PPM_richness >= 32,937,481,401,0.33754208754208753,0.5133404482390609,0.7887205387205387,0.4072806744337048
PPM_significance >= 2.4423 & PPM_z_rms <= 0.06703,1151,494,457,0.3846801346801347,0.4291920069504778,0.9688552188552189,0.4057188607207073
PPM_significance >= 4.5953 & PPM_z_rms <= 0.08998,867,445,394,0.33164983164983164,0.5132641291810842,0.7297979797979798,0.40293797931188224
PPM_richness/rmax^2 >= 12.006 & PPM_z_rms <= 0.09906,964,457,404,0.3400673400673401,0.47406639004149376,0.8114478114478114,0.3960393491010026
PPM_richness/rmax^2 >= 5.003 & PPM_z_rms <= 0.06703,965,440,414,0.3484848484848485,0.45595854922279794,0.8122895622895623,0.3950424514492047
PPM_significance >= 2.6151 & PPM_z_rms <= 0.06703,1062,461,426,0.35858585858585856,0.4340866290018832,0.8939393939393939,0.3927405807535397
PPM_richness/rmax^2 >= 11.006 & PPM_z_rms <= 0.08998,1027,483,400,0.3367003367003367,0.47030185004868547,0.8644781144781145,0.3924420376110599
PPM_richness/(rmax^2*z_rms) >= 167.574,1010,457,408,0.3434343434343434,0.4524752475247525,0.8501683501683501,0.390485405174472
PPM_significance >= 4.5953 & PPM_richness >= 27,784,413,368,0.30976430976430974,0.5267857142857143,0.6599326599326599,0.3901246990333129
PPM_significance >= 4.2228 & PPM_richness >= 32,792,419,365,0.30723905723905726,0.5290404040404041,0.6666666666666666,0.38872621534926527
PPM_significance >= 4.5953 & PPM_z_rms <= 0.0852,763,398,364,0.3063973063973064,0.5216251638269986,0.6422558922558923,0.3860391496437307
PPM_richness/rmax^2 >= 12.006 & PPM_z_rms <= 0.09405,909,430,387,0.32575757575757575,0.4730473047304731,0.7651515151515151,0.38582323912068195
PPM_richness/rmax^2 >= 9.538 & PPM_z_rms <= 0.07512,853,415,377,0.31734006734006737,0.48651817116060964,0.718013468013468,0.38412670743099997
PPM_richness/rmax^2 >= 3.136 & PPM_z_rms <= 0.06272,898,393,399,0.33585858585858586,0.4376391982182628,0.7558922558922558,0.3800524972551643
PPM_significance >= 2.8866 & PPM_z_rms <= 0.06703,941,419,392,0.32996632996632996,0.4452709883103082,0.7920875420875421,0.3790437596060205
PPM_rmax_mean <= 1.1626,1334,488,464,0.39057239057239057,0.3658170914542729,1.1228956228956228,0.3777896422851041
PPM_significance >= 4.5953 & PPM_z_rms <= 0.08202,671,361,344,0.2895622895622896,0.5380029806259314,0.5648148148148148,0.37649084724386533
PPM_z_rms <= 0.06272,1010,413,414,0.3484848484848485,0.4089108910891089,0.8501683501683501,0.37628743463793374
PPM_richness/rmax^2 >= 6.388 & PPM_z_rms <= 0.06703,829,388,372,0.31313131313131315,0.4680337756332931,0.6978114478114478,0.37522422049258325
PPM_significance >= 4.5953 & PPM_richness >= 32,697,372,342,0.2878787878787879,0.533715925394548,0.5867003367003367,0.3740177272125943
PPM_significance >= 2.269 & PPM_z_rms <= 0.06272,926,391,397,0.3341750841750842,0.4222462203023758,0.7794612794612794,0.3730835326211049
PPM_significance >= 4.2228 & PPM_z_rms <= 0.07512,647,344,341,0.28703703703703703,0.5316846986089645,0.5446127946127947,0.37280847419112384
PPM_richness/rmax^2 >= 11.006 & PPM_z_rms <= 0.0852,905,432,362,0.3047138047138047,0.47734806629834253,0.7617845117845118,0.37197707968117066
PPM_rmax_mean >= 1.9995,864,398,369,0.3106060606060606,0.46064814814814814,0.7272727272727273,0.3710322874033652
PPM_richness/rmax^2 >= 4.002 & PPM_z_rms <= 0.06272,848,370,380,0.31986531986531985,0.4363207547169811,0.7138047138047138,0.36912575479128373
PPM_significance >= 5.2171,647,348,328,0.2760942760942761,0.5378670788253478,0.5446127946127947,0.3648871555527141
PPM_significance >= 5.2171 & PPM_richness >= 6,647,348,328,0.2760942760942761,0.5378670788253478,0.5446127946127947,0.3648871555527141
PPM_significance >= 5.2171 & PPM_richness >= 7,647,348,328,0.2760942760942761,0.5378670788253478,0.5446127946127947,0.3648871555527141
PPM_significance >= 5.2171 & PPM_richness >= 9,647,348,328,0.2760942760942761,0.5378670788253478,0.5446127946127947,0.3648871555527141
PPM_significance >= 5.2171 & PPM_richness >= 13,641,345,326,0.27441077441077444,0.5382215288611545,0.5395622895622896,0.3634947465038638
PPM_significance >= 3.0933 & PPM_z_rms <= 0.06703,824,380,356,0.2996632996632997,0.46116504854368934,0.6936026936026936,0.36327311005606994
PPM_significance >= 5.2171 & PPM_richness >= 11,643,345,326,0.27441077441077444,0.536547433903577,0.5412457912457912,0.3631121686323001
PPM_significance >= 2.4423 & PPM_z_rms <= 0.06272,859,367,375,0.31565656565656564,0.42724097788125726,0.7230639730639731,0.3630686922008492
PPM_richness/rmax^2 >= 12.006 & PPM_z_rms <= 0.08998,833,386,353,0.29713804713804715,0.46338535414165666,0.7011784511784511,0.36209120973881803
PPM_significance >= 5.2171 & PPM_z_rms <= 0.09906,631,337,324,0.2727272727272727,0.5340729001584786,0.5311447811447811,0.3610714285714286
PPM_significance >= 5.2171 & PPM_z_rms <= 0.09405,601,329,317,0.2668350168350168,0.5474209650582362,0.5058922558922558,0.358784180099042
PPM_richness/rmax^2 >= 11.006 & PPM_z_rms <= 0.08202,790,382,338,0.2845117845117845,0.4835443037974684,0.664983164983165,0.3582395995760478
PPM_significance >= 5.2171 & PPM_richness >= 18,616,332,316,0.265993265993266,0.538961038961039,0.5185185185185185,0.3561941494418339
PPM_significance >= 2.4423 & PPM_richness >= 41,670,352,320,0.26936026936026936,0.5253731343283582,0.563973063973064,0.35613112100364225
PPM_significance >= 2.6151 & PPM_richness >= 41,670,352,320,0.26936026936026936,0.5253731343283582,0.563973063973064,0.35613112100364225
PPM_richness >= 41,671,352,320,0.26936026936026936,0.5245901639344263,0.5648148148148148,0.3559510567296997
PPM_significance >= 2.269 & PPM_richness >= 41,671,352,320,0.26936026936026936,0.5245901639344263,0.5648148148148148,0.3559510567296997
PPM_significance >= 2.8866 & PPM_richness >= 41,662,348,318,0.2676767676767677,0.525679758308157,0.5572390572390572,0.35472641600153865
PPM_significance >= 3.0933 & PPM_richness >= 41,659,347,317,0.2668350168350168,0.5265553869499241,0.5547138047138047,0.3541848120951993
PPM_richness/rmax^2 >= 5.003 & PPM_z_rms <= 0.06272,698,322,338,0.2845117845117845,0.46131805157593125,0.5875420875420876,0.3519580894479837
PPM_significance >= 2.6151 & PPM_z_rms <= 0.06272,782,340,349,0.2937710437710438,0.43478260869565216,0.6582491582491582,0.35063043150650525
PPM_significance >= 3.6009 & PPM_richness >= 41,638,337,310,0.2609427609427609,0.5282131661442007,0.5370370370370371,0.3493185496275094
PPM_significance >= 5.2171 & PPM_z_rms <= 0.08998,565,312,301,0.25336700336700335,0.552212389380531,0.47558922558922556,0.34735843438668
PPM_richness/rmax^2 >= 7.504 & PPM_z_rms <= 0.06703,700,333,321,0.2702020202020202,0.4757142857142857,0.5892255892255892,0.34464714075679026
PPM_richness/rmax^2 >= 12.006 & PPM_z_rms <= 0.0852,734,347,321,0.2702020202020202,0.47275204359673023,0.6178451178451179,0.34386663579532306
PPM_rmax_mean >= 2.2355,676,323,316,0.265993265993266,0.47781065088757396,0.569023569023569,0.3417417216325711
PPM_significance >= 5.2171 & PPM_richness >= 27,559,301,297,0.25,0.5384615384615384,0.47053872053872053,0.3414634146341463
PPM_significance >= 3.6009 & PPM_z_rms <= 0.06703,601,301,302,0.2542087542087542,0.5008319467554077,0.5058922558922558,0.3372423899534401
PPM_richness/rmax^2 >= 13.007,603,308,299,0.2516835016835017,0.5107794361525705,0.5075757575757576,0.337209195882102
PPM_significance >= 2.8866 & PPM_z_rms <= 0.06272,681,305,319,0.26851851851851855,0.447870778267254,0.5732323232323232,0.3357437036193513
PPM_significance >= 4.5953 & PPM_z_rms <= 0.07512,481,270,283,0.2382154882154882,0.5613305613305614,0.4048821548821549,0.3344838831823465
PPM_richness/(rmax^2*z_rms) >= 194.176,647,298,310,0.2609427609427609,0.4605873261205564,0.5446127946127947,0.3331446066852508
PPM_significance >= 5.2171 & PPM_richness >= 32,523,282,286,0.24074074074074073,0.5391969407265774,0.44023569023569026,0.3328642121033277
PPM_significance >= 4.2228 & PPM_richness >= 41,585,305,288,0.24242424242424243,0.5213675213675214,0.49242424242424243,0.33095964733808075
PPM_richness/rmax^2 >= 12.006 & PPM_z_rms <= 0.08202,645,309,299,0.2516835016835017,0.4790697674418605,0.5429292929292929,0.3299990891995135
PPM_significance >= 5.2171 & PPM_z_rms <= 0.0852,497,282,275,0.23148148148148148,0.5674044265593562,0.41835016835016836,0.3288169585597351
PPM_richness/rmax^2 >= 6.388 & PPM_z_rms <= 0.06272,595,279,298,0.25084175084175087,0.4689075630252101,0.5008417508417509,0.3268404479894332
PPM_significance >= 3.0933 & PPM_z_rms <= 0.06272,590,279,289,0.24326599326599327,0.4728813559322034,0.49663299663299665,0.32126336256529375
PPM_richness/rmax^2 >= 13.007 & PPM_z_rms <= 0.09906,552,279,276,0.23232323232323232,0.5054347826086957,0.46464646464646464,0.31832725649229854
PPM_significance >= 4.5953 & PPM_richness >= 41,532,276,272,0.22895622895622897,0.518796992481203,0.4478114478114478,0.3177032196905576
PPM_significance >= 5.2171 & PPM_z_rms <= 0.08202,443,259,259,0.21801346801346802,0.5846501128668171,0.3728956228956229,0.3175965665236052
PPM_richness/rmax^2 >= 13.007 & PPM_z_rms <= 0.09405,523,265,264,0.2222222222222222,0.5066921606118547,0.44023569023569026,0.3089478286213932
PPM_richness/rmax^2 >= 11.006 & PPM_z_rms <= 0.07512,527,256,268,0.2255892255892256,0.4857685009487666,0.4436026936026936,0.30809854411223175
PPM_richness/rmax^2 >= 14.007,513,261,258,0.21717171717171718,0.5087719298245614,0.4318181818181818,0.30440620041498845
PPM_richness/rmax^2 >= 9.538 & PPM_z_rms <= 0.06703,503,253,258,0.21717171717171718,0.5029821073558648,0.4234006734006734,0.30336154371679935
PPM_richness/rmax^2 >= 7.504 & PPM_z_rms <= 0.06272,497,236,257,0.21632996632996632,0.47484909456740443,0.41835016835016836,0.29724305741037055
PPM_significance >= 4.2228 & PPM_z_rms <= 0.06703,393,221,237,0.1994949494949495,0.5623409669211196,0.33080808080808083,0.2945100916812159
PPM_significance >= 3.6009 & PPM_z_rms <= 0.06272,428,222,244,0.2053872053872054,0.5186915887850467,0.3602693602693603,0.2942569696442928
PPM_richness/rmax^2 >= 13.007 & PPM_z_rms <= 0.08998,480,241,245,0.20622895622895623,0.5020833333333333,0.40404040404040403,0.29236855917684224
PPM_richness/rmax^2 >= 14.007 & PPM_z_rms <= 0.09906,471,238,238,0.20033670033670034,0.505307855626327,0.39646464646464646,0.2869198312236287
PPM_significance >= 5.8001,405,217,229,0.19276094276094277,0.5358024691358024,0.3409090909090909,0.28352175637086674
PPM_significance >= 5.8001 & PPM_richness >= 6,405,217,229,0.19276094276094277,0.5358024691358024,0.3409090909090909,0.28352175637086674
PPM_significance >= 5.8001 & PPM_richness >= 7,405,217,229,0.19276094276094277,0.5358024691358024,0.3409090909090909,0.28352175637086674
PPM_significance >= 5.8001 & PPM_richness >= 9,405,217,229,0.19276094276094277,0.5358024691358024,0.3409090909090909,0.28352175637086674
PPM_significance >= 5.8001 & PPM_richness >= 11,405,217,229,0.19276094276094277,0.5358024691358024,0.3409090909090909,0.28352175637086674
PPM_significance >= 5.8001 & PPM_richness >= 13,405,217,229,0.19276094276094277,0.5358024691358024,0.3409090909090909,0.28352175637086674
PPM_significance >= 5.8001 & PPM_richness >= 18,394,212,226,0.19023569023569023,0.5380710659898477,0.33164983164983164,0.2810912290994427
PPM_significance >= 5.2171 & PPM_richness >= 41,416,216,227,0.19107744107744107,0.5192307692307693,0.3501683501683502,0.2793527803099362
PPM_significance >= 5.2171 & PPM_z_rms <= 0.07512,311,196,212,0.17845117845117844,0.6302250803858521,0.2617845117845118,0.2781444541133945
PPM_significance >= 5.8001 & PPM_z_rms <= 0.09906,395,209,224,0.18855218855218855,0.529113924050633,0.3324915824915825,0.27802786454930933
PPM_richness/rmax^2 >= 3.136 & PPM_z_rms <= 0.05523,555,229,249,0.20959595959595959,0.4126126126126126,0.4671717171717172,0.27798375125229435
PPM_richness/rmax^2 >= 12.006 & PPM_z_rms <= 0.07512,434,209,232,0.19528619528619529,0.4815668202764977,0.3653198653198653,0.2778841194337784
PPM_richness/rmax^2 >= 14.007 & PPM_z_rms <= 0.09405,444,224,226,0.19023569023569023,0.5045045045045045,0.37373737373737376,0.27628965005348527
PPM_richness/rmax^2 >= 13.007 & PPM_z_rms <= 0.0852,424,219,224,0.18855218855218855,0.5165094339622641,0.3569023569023569,0.27625665919560294
PPM_z_rms <= 0.05523,647,240,259,0.21801346801346802,0.37094281298299847,0.5446127946127947,0.2746231993867809
PPM_significance >= 5.8001 & PPM_z_rms <= 0.09405,382,205,219,0.18434343434343434,0.5366492146596858,0.32154882154882153,0.27442099279335447
PPM_significance >= 5.8001 & PPM_z_rms <= 0.08998,366,201,213,0.17929292929292928,0.5491803278688525,0.30808080808080807,0.2703301699153265
PPM_significance >= 2.269 & PPM_z_rms <= 0.05523,590,226,248,0.20875420875420875,0.38305084745762713,0.49663299663299665,0.27023586816069123
PPM_significance >= 2.8866 & PPM_richness >= 53,410,215,216,0.18181818181818182,0.524390243902439,0.3451178451178451,0.27001569858712715
PPM_significance >= 3.0933 & PPM_richness >= 53,410,215,216,0.18181818181818182,0.524390243902439,0.3451178451178451,0.27001569858712715
PPM_richness >= 53,412,215,216,0.18181818181818182,0.5218446601941747,0.3468013468013468,0.26967701473816247
PPM_significance >= 2.269 & PPM_richness >= 53,412,215,216,0.18181818181818182,0.5218446601941747,0.3468013468013468,0.26967701473816247
PPM_significance >= 2.4423 & PPM_richness >= 53,412,215,216,0.18181818181818182,0.5218446601941747,0.3468013468013468,0.26967701473816247
PPM_significance >= 2.6151 & PPM_richness >= 53,412,215,216,0.18181818181818182,0.5218446601941747,0.3468013468013468,0.26967701473816247
PPM_richness/(rmax^2*z_rms) >= 224.107,405,193,223,0.18771043771043772,0.4765432098765432,0.3409090909090909,0.26933125572983646
PPM_richness/rmax^2 >= 4.002 & PPM_z_rms <= 0.05523,523,216,237,0.1994949494949495,0.4130019120458891,0.44023569023569026,0.2690358131065091
PPM_significance >= 5.8001 & PPM_richness >= 27,371,198,211,0.1776094276094276,0.5336927223719676,0.3122895622895623,0.26652206503883513
PPM_richness/rmax^2 >= 14.007 & PPM_z_rms <= 0.08998,408,205,214,0.18013468013468015,0.5024509803921569,0.3434343434343434,0.2651941049170022
PPM_significance >= 3.6009 & PPM_richness >= 53,404,210,211,0.1776094276094276,0.5198019801980198,0.3400673400673401,0.26475544030305564
PPM_rmax_mean >= 2.4489,366,178,212,0.17845117845117844,0.48633879781420764,0.30808080808080807,0.2610981955053692
PPM_significance >= 5.8001 & PPM_richness >= 32,355,188,204,0.1717171717171717,0.5295774647887324,0.2988215488215488,0.25934190773724997
PPM_richness/rmax^2 >= 13.007 & PPM_z_rms <= 0.08202,368,194,203,0.17087542087542087,0.5271739130434783,0.30976430976430974,0.25809369019844286
PPM_significance >= 4.2228 & PPM_richness >= 53,383,198,204,0.1717171717171717,0.5169712793733682,0.3223905723905724,0.2578026270440011
PPM_significance >= 5.8001 & PPM_z_rms <= 0.0852,326,185,197,0.16582491582491582,0.5674846625766872,0.27441077441077444,0.2566531221611115
PPM_richness/rmax^2 >= 9.538 & PPM_z_rms <= 0.06272,356,178,205,0.17255892255892255,0.5,0.2996632996632997,0.25657071339173965
PPM_significance >= 2.4423 & PPM_z_rms <= 0.05523,539,207,228,0.1919191919191919,0.38404452690166974,0.4537037037037037,0.2559380490661808
PPM_significance >= 4.5953 & PPM_z_rms <= 0.06703,284,169,191,0.16077441077441076,0.5950704225352113,0.23905723905723905,0.25315274335727955
PPM_significance >= 4.2228 & PPM_z_rms <= 0.06272,278,163,189,0.1590909090909091,0.5863309352517986,0.234006734006734,0.25027418293485415
PPM_richness/rmax^2 >= 14.007 & PPM_z_rms <= 0.0852,358,185,194,0.1632996632996633,0.5167597765363129,0.30134680134680136,0.24817447585329425
PPM_significance >= 4.5953 & PPM_richness >= 53,366,186,195,0.16414141414141414,0.5081967213114754,0.30808080808080807,0.24813742996120927
PPM_richness/rmax^2 >= 5.003 & PPM_z_rms <= 0.05523,415,181,205,0.17255892255892255,0.43614457831325304,0.3493265993265993,0.24728176659346954
PPM_significance >= 5.8001 & PPM_z_rms <= 0.08202,289,169,186,0.15656565656565657,0.5847750865051903,0.24326599326599327,0.2470003064519931
PPM_significance >= 2.6151 & PPM_z_rms <= 0.05523,478,188,209,0.17592592592592593,0.39330543933054396,0.40235690235690236,0.24310896345198396
PPM_richness/rmax^2 >= 11.006 & PPM_z_rms <= 0.06703,317,163,184,0.15488215488215487,0.5141955835962145,0.2668350168350168,0.23805819694251742
PPM_richness/rmax^2 >= 14.007 & PPM_z_rms <= 0.08202,310,162,174,0.14646464646464646,0.5225806451612903,0.2609427609427609,0.22880241562363024
PPM_significance >= 5.8001 & PPM_richness >= 41,303,156,172,0.1447811447811448,0.5148514851485149,0.255050505050505,0.22600697427603986
PPM_significance >= 2.8866 & PPM_z_rms <= 0.05523,399,163,183,0.15404040404040403,0.40852130325814534,0.33585858585858586,0.2237222540978996
PPM_significance >= 5.2171 & PPM_richness >= 53,305,156,170,0.14309764309764308,0.5114754098360655,0.25673400673400676,0.22362951032557826
PPM_richness/rmax^2 >= 13.007 & PPM_z_rms <= 0.07512,264,145,165,0.1388888888888889,0.5492424242424242,0.2222222222222222,0.2217125382262997
PPM_significance >= 4.5953 & PPM_z_rms <= 0.06272,209,133,159,0.13383838383838384,0.6363636363636364,0.17592592592592593,0.2211624441132638
PPM_richness/rmax^2 >= 6.388 & PPM_z_rms <= 0.05523,336,148,172,0.1447811447811448,0.44047619047619047,0.2828282828282828,0.21793027874803095
PPM_significance >= 5.8001 & PPM_z_rms <= 0.07512,205,127,154,0.12962962962962962,0.6195121951219512,0.17255892255892255,0.2143976847944049
PPM_richness/rmax^2 >= 12.006 & PPM_z_rms <= 0.06703,263,134,159,0.13383838383838384,0.5095057034220533,0.22138047138047137,0.21199050788770651
PPM_significance >= 3.0933 & PPM_z_rms <= 0.05523,338,148,166,0.13973063973063973,0.4378698224852071,0.2845117845117845,0.21185519893761967
PPM_significance >= 5.2171 & PPM_z_rms <= 0.06703,183,126,147,0.12373737373737374,0.6885245901639344,0.15404040404040403,0.20977524081341423
PPM_richness/rmax^2 >= 3.136 & PPM_z_rms <= 0.04725,332,137,163,0.13720538720538722,0.4126506024096386,0.27946127946127947,0.20593714264635363
PPM_z_rms <= 0.04725,403,145,171,0.14393939393939395,0.3598014888337469,0.3392255892255892,0.20562003209314475
PPM_richness/rmax^2 >= 11.006 & PPM_z_rms <= 0.06272,221,114,150,0.12626262626262627,0.5158371040723982,0.18602693602693604,0.20286863366195682
PPM_significance >= 2.269 & PPM_z_rms <= 0.04725,365,137,162,0.13636363636363635,0.37534246575342467,0.30723905723905726,0.20004867364322218
PPM_richness/rmax^2 >= 4.002 & PPM_z_rms <= 0.04725,308,127,153,0.12878787878787878,0.41233766233766234,0.25925925925925924,0.19627272727272727
PPM_significance >= 5.8001 & PPM_richness >= 53,253,129,141,0.11868686868686869,0.5098814229249012,0.21296296296296297,0.19255260023818974
PPM_richness/rmax^2 >= 14.007 & PPM_z_rms <= 0.07512,221,119,136,0.11447811447811448,0.5384615384615384,0.18602693602693604,0.18881396271320905
PPM_richness/rmax^2 >= 7.504 & PPM_z_rms <= 0.05523,267,119,141,0.11868686868686869,0.44569288389513106,0.22474747474747475,0.18745496288103494
PPM_significance >= 3.6009 & PPM_z_rms <= 0.05523,231,111,137,0.11531986531986532,0.4805194805194805,0.19444444444444445,0.18600128428584534
PPM_significance >= 2.4423 & PPM_z_rms <= 0.04725,329,122,144,0.12121212121212122,0.3708206686930091,0.2769360269360269,0.18270310745039312
PPM_richness/rmax^2 >= 12.006 & PPM_z_rms <= 0.06272,187,97,131,0.11026936026936027,0.5187165775401069,0.1574074074074074,0.18187543386315327
PPM_rmax_mean >= 2.7659,202,100,132,0.1111111111111111,0.49504950495049505,0.17003367003367004,0.18148820326678763
PPM_significance >= 5.2171 & PPM_z_rms <= 0.06272,134,101,121,0.10185185185185185,0.753731343283582,0.1127946127946128,0.1794540461960911
PPM_significance >= 7.1566 & PPM_richness >= 18,200,109,127,0.1069023569023569,0.545,0.16835016835016836,0.1787438989747695
PPM_significance >= 7.1566,203,109,127,0.1069023569023569,0.5369458128078818,0.17087542087542087,0.178305307426275
PPM_significance >= 7.1566 & PPM_richness >= 6,203,109,127,0.1069023569023569,0.5369458128078818,0.17087542087542087,0.178305307426275
PPM_significance >= 7.1566 & PPM_richness >= 7,203,109,127,0.1069023569023569,0.5369458128078818,0.17087542087542087,0.178305307426275
PPM_significance >= 7.1566 & PPM_richness >= 9,203,109,127,0.1069023569023569,0.5369458128078818,0.17087542087542087,0.178305307426275
PPM_significance >= 7.1566 & PPM_richness >= 11,203,109,127,0.1069023569023569,0.5369458128078818,0.17087542087542087,0.178305307426275
PPM_significance >= 7.1566 & PPM_richness >= 13,203,109,127,0.1069023569023569,0.5369458128078818,0.17087542087542087,0.178305307426275
PPM_significance >= 7.1566 & PPM_richness >= 27,196,107,126,0.10606060606060606,0.5459183673469388,0.16498316498316498,0.17761441783258242
PPM_richness/rmax^2 >= 16.008,227,119,127,0.1069023569023569,0.5242290748898678,0.19107744107744107,0.17759002591054107
PPM_significance >= 3.6009 & PPM_richness >= 70,204,109,125,0.10521885521885523,0.5343137254901961,0.1717171717171717,0.17581552596263034
PPM_significance >= 7.1566 & PPM_z_rms <= 0.09405,199,106,125,0.10521885521885523,0.5326633165829145,0.1675084175084175,0.17572594709654318
PPM_richness >= 70,205,109,125,0.10521885521885523,0.5317073170731708,0.17255892255892255,0.17567384619351845
PPM_significance >= 2.269 & PPM_richness >= 70,205,109,125,0.10521885521885523,0.5317073170731708,0.17255892255892255,0.17567384619351845
PPM_significance >= 2.4423 & PPM_richness >= 70,205,109,125,0.10521885521885523,0.5317073170731708,0.17255892255892255,0.17567384619351845
PPM_significance >= 2.6151 & PPM_richness >= 70,205,109,125,0.10521885521885523,0.5317073170731708,0.17255892255892255,0.17567384619351845
PPM_significance >= 2.8866 & PPM_richness >= 70,205,109,125,0.10521885521885523,0.5317073170731708,0.17255892255892255,0.17567384619351845
PPM_significance >= 3.0933 & PPM_richness >= 70,205,109,125,0.10521885521885523,0.5317073170731708,0.17255892255892255,0.17567384619351845
PPM_significance >= 7.1566 & PPM_z_rms <= 0.09906,200,106,125,0.10521885521885523,0.53,0.16835016835016836,0.1755804092017386
PPM_significance >= 4.2228 & PPM_richness >= 70,200,107,123,0.10353535353535354,0.535,0.16835016835016836,0.17349521474333626
PPM_significance >= 7.1566 & PPM_z_rms <= 0.08998,195,104,123,0.10353535353535354,0.5333333333333333,0.16414141414141414,0.17340734866508062
PPM_significance >= 4.5953 & PPM_richness >= 70,198,106,122,0.1026936026936027,0.5353535353535354,0.16666666666666666,0.17233016177607205
PPM_richness/(rmax^2*z_rms) >= 272.305,203,91,125,0.10521885521885523,0.4482758620689655,0.17087542087542087,0.17043368818501234
PPM_significance >= 7.1566 & PPM_richness >= 32,187,101,119,0.10016835016835017,0.5401069518716578,0.1574074074074074,0.168994874895424
PPM_richness/rmax^2 >= 5.003 & PPM_z_rms <= 0.04725,223,98,124,0.10437710437710437,0.43946188340807174,0.18771043771043772,0.16868874760543046
PPM_significance >= 5.8001 & PPM_z_rms <= 0.06703,125,87,114,0.09595959595959595,0.696,0.10521885521885523,0.16866486403754913
PPM_significance >= 7.1566 & PPM_z_rms <= 0.0852,183,99,118,0.09932659932659933,0.5409836065573771,0.15404040404040403,0.16783759320718933
PPM_significance >= 2.6151 & PPM_z_rms <= 0.04725,291,109,128,0.10774410774410774,0.3745704467353952,0.24494949494949494,0.16735036583903082
PPM_richness/rmax^2 >= 16.008 & PPM_z_rms <= 0.09906,210,109,116,0.09764309764309764,0.5190476190476191,0.17676767676767677,0.16436575410134416
PPM_significance >= 7.1566 & PPM_z_rms <= 0.08202,172,95,114,0.09595959595959595,0.5523255813953488,0.1447811447811448,0.16351118760757316
PPM_richness/rmax^2 >= 13.007 & PPM_z_rms <= 0.06703,158,92,111,0.09343434343434344,0.5822784810126582,0.132996632996633,0.16102937698093572
PPM_significance >= 5.2171 & PPM_richness >= 70,176,97,112,0.09427609427609428,0.5511363636363636,0.14814814814814814,0.16101016687909417
PPM_significance >= 7.1566 & PPM_richness >= 41,170,94,111,0.09343434343434344,0.5529411764705883,0.14309764309764308,0.1598565978765455
PPM_richness/rmax^2 >= 9.538 & PPM_z_rms <= 0.05523,178,87,111,0.09343434343434344,0.4887640449438202,0.14983164983164984,0.15687899020420099
PPM_richness/rmax^2 >= 16.008 & PPM_z_rms <= 0.09405,199,102,109,0.09175084175084175,0.5125628140703518,0.1675084175084175,0.15564126075300808
PPM_significance >= 5.8001 & PPM_richness >= 70,163,91,106,0.08922558922558922,0.558282208588957,0.13720538720538722,0.1538608776099405
PPM_significance >= 4.2228 & PPM_z_rms <= 0.05523,150,83,105,0.08838383838383838,0.5533333333333333,0.12626262626262627,0.1524214281966525
PPM_richness/rmax^2 >= 16.008 & PPM_z_rms <= 0.08998,187,96,106,0.08922558922558922,0.5133689839572193,0.1574074074074074,0.15202808695002615
PPM_significance >= 7.1566 & PPM_z_rms <= 0.07512,130,79,103,0.0867003367003367,0.6076923076923076,0.10942760942760943,0.15175024710467913
PPM_significance >= 2.8866 & PPM_z_rms <= 0.04725,244,94,111,0.09343434343434344,0.38524590163934425,0.2053872053872054,0.15039349649744876
PPM_richness/rmax^2 >= 14.007 & PPM_z_rms <= 0.06703,140,80,97,0.08164983164983165,0.5714285714285714,0.11784511784511785,0.1428834468790278
PPM_richness/rmax^2 >= 16.008 & PPM_z_rms <= 0.0852,166,88,97,0.08164983164983165,0.5301204819277109,0.13973063973063973,0.14150489862904697
PPM_richness/rmax^2 >= 13.007 & PPM_z_rms <= 0.06272,114,67,94,0.07912457912457913,0.5877192982456141,0.09595959595959595,0.13947205244042873
PPM_richness/rmax^2 >= 6.388 & PPM_z_rms <= 0.04725,164,74,97,0.08164983164983165,0.45121951219512196,0.13804713804713806,0.13827778848006164
PPM_significance >= 5.8001 & PPM_z_rms <= 0.06272,95,70,89,0.07491582491582492,0.7368421052631579,0.07996632996632996,0.13600392948752935
PPM_significance >= 7.1566 & PPM_richness >= 53,149,80,92,0.07744107744107744,0.5369127516778524,0.12542087542087543,0.13535881119652773
PPM_z_rms <= 0.03417,203,75,95,0.07996632996632996,0.3694581280788177,0.17087542087542087,0.13147575771555103
PPM_significance >= 3.0933 & PPM_z_rms <= 0.04725,199,80,93,0.07828282828282829,0.4020100502512563,0.1675084175084175,0.13104705540437
PPM_significance >= 2.269 & PPM_z_rms <= 0.03417,185,73,93,0.07828282828282829,0.3945945945945946,0.15572390572390574,0.13064688393037555
PPM_significance >= 4.5953 & PPM_z_rms <= 0.05523,110,66,87,0.07323232323232323,0.6,0.09259259259259259,0.13053263315828958
PPM_richness/rmax^2 >= 16.008 & PPM_z_rms <= 0.08202,145,77,88,0.07407407407407407,0.5310344827586206,0.12205387205387205,0.13001266357112704
PPM_richness/rmax^2 >= 3.136 & PPM_z_rms <= 0.03417,155,69,89,0.07491582491582492,0.44516129032258067,0.13047138047138046,0.12824877045328767
PPM_richness/rmax^2 >= 14.007 & PPM_z_rms <= 0.06272,104,57,80,0.06734006734006734,0.5480769230769231,0.08754208754208755,0.11994318480719658
PPM_significance >= 2.4423 & PPM_z_rms <= 0.03417,163,65,83,0.06986531986531987,0.3987730061349693,0.13720538720538722,0.11889938181136982
PPM_richness/rmax^2 >= 4.002 & PPM_z_rms <= 0.03417,137,61,80,0.06734006734006734,0.44525547445255476,0.11531986531986532,0.11698710265138802
PPM_richness/rmax^2 >= 7.504 & PPM_z_rms <= 0.04725,124,57,76,0.06397306397306397,0.4596774193548387,0.10437710437710437,0.1123152709359606
PPM_significance >= 7.1566 & PPM_richness >= 70,101,58,73,0.061447811447811446,0.5742574257425742,0.08501683501683502,0.11101642697012207
PPM_richness/rmax^2 >= 11.006 & PPM_z_rms <= 0.05523,103,52,74,0.06228956228956229,0.5048543689320388,0.0867003367003367,0.11089656762442722
PPM_significance >= 3.6009 & PPM_z_rms <= 0.04725,130,59,73,0.061447811447811446,0.45384615384615384,0.10942760942760943,0.10824055690985397
PPM_significance >= 2.6151 & PPM_z_rms <= 0.03417,146,56,73,0.061447811447811446,0.3835616438356164,0.12289562289562289,0.10592594511958127
PPM_richness/rmax^2 >= 16.008 & PPM_z_rms <= 0.07512,104,56,69,0.05808080808080808,0.5384615384615384,0.08754208754208755,0.10485183979159883
PPM_significance >= 5.2171 & PPM_z_rms <= 0.05523,70,50,65,0.054713804713804715,0.7142857142857143,0.058922558922558925,0.10164190774042221
PPM_significance >= 7.1566 & PPM_z_rms <= 0.06703,75,50,65,0.054713804713804715,0.6666666666666666,0.06313131313131314,0.10112796577207313
PPM_significance >= 4.2228 & PPM_z_rms <= 0.04725,82,46,63,0.05303030303030303,0.5609756097560976,0.06902356902356903,0.09690039121275958
PPM_richness/rmax^2 >= 5.003 & PPM_z_rms <= 0.03417,87,44,62,0.05218855218855219,0.5057471264367817,0.07323232323232323,0.09461381056428397
PPM_richness/rmax^2 >= 12.006 & PPM_z_rms <= 0.05523,86,43,62,0.05218855218855219,0.5,0.0723905723905724,0.0945121951219512
PPM_significance >= 2.8866 & PPM_z_rms <= 0.03417,124,49,61,0.05134680134680135,0.3951612903225806,0.10437710437710437,0.0908842130868402
PPM_significance >= 7.1566 & PPM_z_rms <= 0.06272,59,41,54,0.045454545454545456,0.6949152542372882,0.049663299663299666,0.08532778355879293
PPM_richness/rmax^2 >= 9.538 & PPM_z_rms <= 0.04725,78,39,54,0.045454545454545456,0.5,0.06565656565656566,0.08333333333333334
PPM_significance >= 4.5953 & PPM_z_rms <= 0.04725,58,36,53,0.04461279461279461,0.6206896551724138,0.04882154882154882,0.083242441429257
PPM_significance >= 3.0933 & PPM_z_rms <= 0.03417,101,43,51,0.04292929292929293,0.42574257425742573,0.08501683501683502,0.07799413176847159
PPM_significance >= 5.8001 & PPM_z_rms <= 0.05523,49,34,49,0.041245791245791245,0.6938775510204082,0.041245791245791245,0.07786320192554858
PPM_richness/rmax^2 >= 16.008 & PPM_z_rms <= 0.06703,64,35,48,0.04040404040404041,0.546875,0.05387205387205387,0.07524858908895458
PPM_richness/rmax^2 >= 6.388 & PPM_z_rms <= 0.03417,64,32,47,0.03956228956228956,0.5,0.05387205387205387,0.07332293291731669
PPM_significance >= 3.6009 & PPM_z_rms <= 0.03417,64,32,40,0.03367003367003367,0.5,0.05387205387205387,0.06309148264984228
PPM_significance >= 5.2171 & PPM_z_rms <= 0.04725,40,29,39,0.03282828282828283,0.725,0.03367003367003367,0.06281239586804399
PPM_richness/rmax^2 >= 16.008 & PPM_z_rms <= 0.06272,46,25,38,0.03198653198653199,0.5434782608695652,0.03872053872053872,0.06041719664207581
PPM_richness/rmax^2 >= 13.007 & PPM_z_rms <= 0.05523,43,24,36,0.030303030303030304,0.5581395348837209,0.0361952861952862,0.05748502994011977
PPM_richness/rmax^2 >= 7.504 & PPM_z_rms <= 0.03417,42,24,35,0.029461279461279462,0.5714285714285714,0.03535353535353535,0.05603362017210327
PPM_significance >= 4.2228 & PPM_z_rms <= 0.03417,45,26,34,0.02861952861952862,0.5777777777777777,0.03787878787878788,0.05453760256647541
PPM_significance >= 5.8001 & PPM_z_rms <= 0.04725,32,22,32,0.026936026936026935,0.6875,0.026936026936026935,0.05184094256259204
PPM_richness/rmax^2 >= 14.007 & PPM_z_rms <= 0.05523,41,22,32,0.026936026936026935,0.5365853658536586,0.034511784511784514,0.05129699795977848
PPM_significance >= 7.1566 & PPM_z_rms <= 0.05523,30,19,29,0.02441077441077441,0.6333333333333333,0.025252525252525252,0.04700964081563006
PPM_significance >= 4.5953 & PPM_z_rms <= 0.03417,31,21,28,0.02356902356902357,0.6774193548387096,0.026094276094276093,0.04555314533622559
PPM_richness/rmax^2 >= 11.006 & PPM_z_rms <= 0.04725,45,23,28,0.02356902356902357,0.5111111111111111,0.03787878787878788,0.0450601735236496
PPM_significance >= 5.2171 & PPM_z_rms <= 0.03417,22,18,24,0.020202020202020204,0.8181818181818182,0.018518518518518517,0.03943044906900329
PPM_significance >= 5.8001 & PPM_z_rms <= 0.03417,19,15,23,0.01936026936026936,0.7894736842105263,0.015993265993265993,0.03779372295557868
PPM_significance >= 7.1566 & PPM_z_rms <= 0.04725,21,13,23,0.01936026936026936,0.6190476190476191,0.017676767676767676,0.037546305016638415
PPM_richness/rmax^2 >= 9.538 & PPM_z_rms <= 0.03417,19,14,20,0.016835016835016835,0.7368421052631579,0.015993265993265993,0.03291794027745121
PPM_richness/rmax^2 >= 12.006 & PPM_z_rms <= 0.04725,38,19,20,0.016835016835016835,0.5,0.03198653198653199,0.03257328990228013
PPM_significance >= 7.1566 & PPM_z_rms <= 0.03417,12,9,17,0.01430976430976431,0.75,0.010101010101010102,0.028083700440528634
PPM_richness/rmax^2 >= 16.008 & PPM_z_rms <= 0.05523,15,7,13,0.010942760942760943,0.4666666666666667,0.012626262626262626,0.021384091176125018
PPM_richness/rmax^2 >= 11.006 & PPM_z_rms <= 0.03417,11,9,11,0.009259259259259259,0.8181818181818182,0.009259259259259259,0.018311291963377413
PPM_richness/rmax^2 >= 13.007 & PPM_z_rms <= 0.04725,17,9,10,0.008417508417508417,0.5294117647058824,0.01430976430976431,0.01657153378751611
PPM_richness/rmax^2 >= 14.007 & PPM_z_rms <= 0.04725,17,9,10,0.008417508417508417,0.5294117647058824,0.01430976430976431,0.01657153378751611
PPM_richness/rmax^2 >= 12.006 & PPM_z_rms <= 0.03417,8,6,6,0.005050505050505051,0.75,0.006734006734006734,0.010033444816053512
PPM_richness/rmax^2 >= 13.007 & PPM_z_rms <= 0.03417,4,4,5,0.004208754208754209,1.0,0.003367003367003367,0.008382229673093043
PPM_richness/rmax^2 >= 14.007 & PPM_z_rms <= 0.03417,4,4,5,0.004208754208754209,1.0,0.003367003367003367,0.008382229673093043
PPM_richness/rmax^2 >= 16.008 & PPM_z_rms <= 0.04725,3,2,2,0.0016835016835016834,0.6666666666666666,0.0025252525252525255,0.003358522250209907
PPM_richness/rmax^2 >= 16.008 & PPM_z_rms <= 0.03417,1,1,1,0.0008417508417508417,1.0,0.0008417508417508417,0.001682085786375105
